<?xml version="1.0" encoding="UTF-8"?>
<project-private xmlns="http://www.netbeans.org/ns/project-private/1">
    <editor-bookmarks xmlns="http://www.netbeans.org/ns/editor-bookmarks/2" lastBookmarkId="0"/>
    <open-files xmlns="http://www.netbeans.org/ns/projectui-open-files/2">
        <group>
            <file>file:/home/neo/Área%20de%20trabalho/DataImmersus%20(2)/DataImmersus/src/br/com/dataimmersus/view/EscalaVIEW.java</file>
            <file>file:/home/neo/Área%20de%20trabalho/DataImmersus%20(2)/DataImmersus/src/br/com/dataimmersus/view/LoginVIEW.java</file>
            <file>file:/home/neo/Área%20de%20trabalho/DataImmersus%20(2)/DataImmersus/src/br/com/dataimmersus/view/PrincipalView.java</file>
            <file>file:/home/neo/Área%20de%20trabalho/DataImmersus%20(2)/DataImmersus/src/br/com/dataimmersus/view/UsuarioVIEW.java</file>
        </group>
    </open-files>
</project-private>
